Date,Valeur_des_transactions,Capitalisation_Actions,Capitalisation_Obligations,BRVM_10,BRVM_Composite,Taux_BRVM_10,BRVM_PRESTIGE
13/07/2026 - 00:00,1 725 590 456,18 328 595 438 556,13 043 082 708 042,"225,66","475,78","+0,29%","176,67"
10/07/2026 - 00:00,1 846 902 067,18 295 340 118 318,13 098 864 846 552,"225,00","474,92","+1,28%","177,91"
08/07/2026 - 00:00,2 688 858 168,18 124 551 839 492,13 129 943 497 844,"222,20","470,48","+2,05%","178,23"
07/07/2026 - 00:00,4 015 759 703,17 870 513 044 001,13 130 694 186 934,"217,73","463,89","+0,49%","176,56"
06/07/2026 - 00:00,1 441 059 625,17 728 745 087 300,13 145 675 452 934,"216,67","460,21","+0,24%","175,74"
03/07/2026 - 00:00,12 497 687 022,17 709 266 757 629,13 146 939 269 134,"216,15","459,70","+0,00%","176,37"
01/07/2026 - 00:00,2 027 864 255,17 623 550 999 766,13 142 391 848 134,"214,62","457,48","+1,02%","176,14"
29/06/2026 - 00:00,1 994 199 453,17 337 103 292 246,13 106 144 986 604,"211,11","450,04","-0,03%","174,48"
26/06/2026 - 00:00,2 214 565 206,17 328 543 437 314,13 108 040 185 104,"211,17","449,82","+0,90%","175,14"
25/06/2026 - 00:00,1 688 262 348,17 203 488 333 454,13 112 527 742 554,"209,29","446,57","+1,08%","174,08"
24/06/2026 - 00:00,2 853 514 443,17 031 525 841 419,13 112 295 492 454,"207,05","442,11","-0,37%","172,38"
23/06/2026 - 00:00,3 372 828 871,17 098 629 029 605,13 119 537 659 358,"207,82","443,85","-0,35%","173,64"
22/06/2026 - 00:00,2 322 080 338,17 154 715 915 645,13 127 710 677 143,"208,56","445,31","+0,47%","174,41"
19/06/2026 - 00:00,2 838 690 502,17 060 666 160 153,13 136 001 649 358,"207,59","442,87","+1,29%","173,41"
18/06/2026 - 00:00,1 780 663 592,16 899 280 095 043,13 136 001 649 358,"204,94","438,68","+0,35%","170,70"
17/06/2026 - 00:00,2 675 149 654,16 815 589 569 119,13 155 080 830 558,"204,23","436,51","+0,29%","170,41"
16/06/2026 - 00:00,1 557 243 993,16 777 801 099 581,13 156 325 941 558,"203,64","435,52","-0,21%","170,56"
15/06/2026 - 00:00,1 772 765 842,16 818 293 459 209,13 170 674 811 558,"204,07","436,58","+0,19%","171,89"
12/06/2026 - 00:00,1 959 664 174,16 819 278 896 234,13 169 178 604 558,"203,69","436,60","-0,07%","171,72"
11/06/2026 - 00:00,1 457 611 938,16 834 950 229 141,13 175 645 474 558,"203,84","437,01","+0,29%","171,69"
10/06/2026 - 00:00,4 363 500 654,16 781 083 085 359,12 652 614 890 758,"203,25","435,61","-0,37%","171,50"
09/06/2026 - 00:00,2 186 919 090,16 798 480 140 221,12 036 412 536 158,"204,01","436,06","-0,38%","171,06"
08/06/2026 - 00:00,1 396 346 576,16 822 446 159 621,12 029 245 870 158,"204,78","436,68","-0,29%","170,97"
05/06/2026 - 00:00,2 049 215 269,16 844 064 292 177,12 029 245 870 158,"205,37","437,24","-0,83%","170,97"
04/06/2026 - 00:00,2 409 567 338,16 955 317 656 599,12 029 245 870 158,"207,09","440,13","+1,08%","172,35"
03/06/2026 - 00:00,2 441 533 186,16 772 200 591 162,12 041 950 870 158,"204,87","435,38","+1,97%","170,54"
01/06/2026 - 00:00,1 280 236 405,16 410 800 941 390,12 046 226 879 458,"200,18","426,00","+0,32%","166,95"
29/05/2026 - 00:00,1 520 184 328,16 393 046 431 410,12 039 134 868 258,"199,55","425,54","+0,59%","166,09"
28/05/2026 - 00:00,1 847 554 589,16 287 892 042 790,12 039 134 868 258,"198,37","422,81","+0,53%","164,80"
26/05/2026 - 00:00,917 703 044,16 192 439 838 803,12 040 183 342 948,"197,33","420,33","-0,14%","163,73"
22/05/2026 - 00:00,3 170 754 614,16 218 856 585 415,12 040 183 342 948,"197,61","421,02","+0,03%","164,10"
20/05/2026 - 00:00,1 697 184 055,16 109 021 012 940,12 044 826 981 548,"196,75","418,16","+0,18%","162,78"
19/05/2026 - 00:00,1 620 996 133,16 028 165 621 700,12 040 993 262 180,"196,40","416,07","+0,32%","162,14"
18/05/2026 - 00:00,2 553 000 841,15 963 962 800 155,12 046 152 677 580,"195,78","414,40","+0,63%","162,02"
15/05/2026 - 00:00,1 733 487 131,15 896 200 077 998,12 287 045 625 492,"194,55","412,64","+0,70%","161,19"
13/05/2026 - 00:00,1 816 094 768,15 778 815 435 415,12 315 236 825 492,"193,20","409,59","+0,54%","159,57"
12/05/2026 - 00:00,1 889 642 677,15 650 031 782 655,12 322 203 391 592,"192,16","406,25","+0,31%","159,46"
11/05/2026 - 00:00,1 818 423 516,15 630 710 823 840,12 322 204 091 592,"191,57","405,75","+0,11%","158,42"
08/05/2026 - 00:00,5 185 542 092,15 586 185 296 705,12 325 280 488 886,"191,36","404,59","+0,49%","158,71"
07/05/2026 - 00:00,1 447 759 777,15 542 578 586 990,12 324 005 521 750,"190,43","403,46","+0,04%","157,66"
06/05/2026 - 00:00,1 503 802 857,15 537 671 741 403,12 330 986 543 850,"190,35","403,33","+0,50%","157,39"
05/05/2026 - 00:00,1 639 305 888,15 470 975 325 863,12 220 425 643 410,"189,40","401,60","-0,93%","156,30"
04/05/2026 - 00:00,2 141 543 659,15 625 045 609 805,12 146 129 563 056,"191,18","405,60","+0,19%","157,09"
30/04/2026 - 00:00,1 354 930 373,15 560 702 904 598,12 147 159 900 456,"190,82","403,93","+0,70%","158,27"
29/04/2026 - 00:00,2 057 012 053,15 539 517 757 258,12 038 709 900 456,"189,49","403,38","-0,43%","156,56"
27/04/2026 - 00:00,1 279 253 023,15 501 147 911 833,12 001 249 712 457,"188,77","402,38","-0,55%","156,73"
24/04/2026 - 00:00,1 362 268 368,15 509 021 138 538,12 011 024 292 657,"189,81","402,59","+0,17%","158,22"
23/04/2026 - 00:00,1 675 420 235,15 499 365 395 140,12 031 613 716 057,"189,49","402,00","+0,11%","157,43"
21/04/2026 - 00:00,3 068 211 317,15 519 675 498 528,11 906 883 844 511,"189,44","402,52","+1,02%","157,52"
17/04/2026 - 00:00,2 919 883 424,15 384 908 146 062,11 901 884 141 881,"187,37","399,03","+0,58%","156,34"
16/04/2026 - 00:00,5 261 583 963,15 319 235 009 121,11 919 524 656 281,"186,29","397,33","-1,15%","154,72"
15/04/2026 - 00:00,1 624 668 808,15 488 278 151 470,11 920 745 609 181,"188,45","401,71","-0,25%","156,41"
14/04/2026 - 00:00,3 279 119 968,15 506 343 564 364,11 921 145 609 581,"188,93","402,18","-0,70%","156,56"
13/04/2026 - 00:00,7 914 105 552,15 578 099 926 228,11 920 480 984 581,"190,27","404,04","-0,74%","156,87"
10/04/2026 - 00:00,2 652 736 617,15 668 243 221 673,11 932 031 870 857,"191,68","406,38","-0,14%","158,70"
09/04/2026 - 00:00,7 739 217 247,15 690 176 251 408,11 936 563 045 757,"191,95","406,95","+0,32%","158,77"
08/04/2026 - 00:00,1 448 964 199,15 670 163 136 308,11 960 741 738 046,"191,33","406,43","-0,46%","157,71"
07/04/2026 - 00:00,2 621 032 655,15 782 167 480 463,11 953 528 400 836,"192,21","409,33","+0,09%","158,95"
03/04/2026 - 00:00,641 076 642,15 824 291 890 318,11 976 113 439 111,"192,04","410,43","+0,07%","158,94"
02/04/2026 - 00:00,998 182 484,15 793 082 210 021,11 956 863 439 111,"191,90","409,62","+0,21%","159,56"
31/03/2026 - 00:00,2 493 166 629,15 740 560 665 731,11 970 832 302 925,"191,47","408,25","+1,31%","160,15"
30/03/2026 - 00:00,1 826 419 569,15 551 971 688 949,11 969 712 386 645,"189,00","403,36","-1,16%","159,02"
27/03/2026 - 00:00,5 473 018 009,15 660 629 773 994,12 018 494 777 410,"191,21","406,18","+1,07%","160,80"
26/03/2026 - 00:00,920 551 144,15 494 609 628 434,12 017 068 692 390,"189,18","401,87","+0,67%","158,75"
25/03/2026 - 00:00,29 997 672 495,15 420 618 453 449,12 042 600 271 140,"187,92","399,96","-0,83%","157,64"
23/03/2026 - 00:00,1 747 616 555,15 537 453 966 689,11 846 879 291 840,"189,53","402,99","-1,19%","158,84"
19/03/2026 - 00:00,5 398 911 654,,11 874 643 165 169,"191,81","408,62","-0,83%",
18/03/2026 - 00:00,3 450 268 992,15 869 257 753 844,11 889 565 150 619,"193,42","411,59","+0,25%","163,01"
13/03/2026 - 00:00,7 079 072 934,15 950 757 110 329,11 911 903 505 575,"193,05","413,71","-0,80%","161,56"
12/03/2026 - 00:00,4 748 248 089,16 063 493 068 759,11 915 705 759 095,"194,60","416,63","+0,74%","163,20"
11/03/2026 - 00:00,2 727 654 448,15 981 135 993 689,11 877 408 590 545,"193,18","414,49","-0,48%","161,73"
10/03/2026 - 00:00,2 063 396 619,16 057 128 280 484,11 878 496 090 545,"194,12","416,46","+0,38%","162,75"
09/03/2026 - 00:00,1 907 226 498,15 950 877 971 364,11 783 420 021 795,"193,39","413,71","+0,62%","162,69"
06/03/2026 - 00:00,2 352 534 123,15 863 334 229 344,11 785 014 446 565,"192,20","411,44","-0,05%","162,80"
05/03/2026 - 00:00,6 701 908 353,15 849 461 757 054,11 778 054 024 465,"192,29","411,08","-0,31%","162,11"
04/03/2026 - 00:00,3 163 332 522,15 944 963 515 552,11 406 518 434 465,"192,89","413,56","-1,71%","163,23"
02/03/2026 - 00:00,24 646 554 804,16 071 815 424 689,11 412 407 122 626,"194,96","416,85","+0,08%","164,25"
27/02/2026 - 00:00,1 792 539 930,16 105 002 095 062,11 478 126 103 208,"194,81","417,71","+0,42%","164,82"
26/02/2026 - 00:00,1 960 814 353,16 052 120 916 912,11 467 119 202 719,"194,00","416,33","+1,56%","164,72"
25/02/2026 - 00:00,3 382 206 233,15 788 981 874 857,11 469 062 119 519,"191,02","409,51","+1,13%","162,17"
24/02/2026 - 00:00,2 324 181 055,15 642 690 238 264,11 468 570 454 229,"188,89","405,72","+0,36%","160,76"
23/02/2026 - 00:00,2 010 811 021,15 608 855 881 974,11 468 440 032 929,"188,22","404,84","+0,47%","160,32"
20/02/2026 - 00:00,1 991 948 547,15 513 955 202 778,11 469 604 356 929,"187,34","402,38","+2,47%","159,42"
19/02/2026 - 00:00,1 678 593 756,15 201 791 859 646,11 466 234 923 029,"182,83","394,28","+0,46%","155,42"
18/02/2026 - 00:00,8 987 286 324,15 121 180 172 218,11 466 103 646 969,"182,00","392,19","-0,27%","154,17"
17/02/2026 - 00:00,1 657 684 489,15 162 992 977 636,11 477 621 519 269,"182,50","393,27","+0,79%","154,99"
16/02/2026 - 00:00,1 432 758 833,15 068 875 915 712,11 476 057 364 269,"181,07","390,83","+0,37%","154,66"
12/02/2026 - 00:00,1 380 673 791,14 778 328 116 284,11 493 529 844 963,"178,48","383,30","+0,11%","153,91"
11/02/2026 - 00:00,2 302 373 652,14 723 465 128 487,11 493 529 844 963,"178,28","381,87","+0,29%","153,94"
09/02/2026 - 00:00,1 274 474 077,14 532 550 804 440,11 509 942 216 963,"177,13","376,92","+0,83%","153,82"
06/02/2026 - 00:00,1 439 145 379,14 361 572 437 408,11 513 960 788 663,"175,68","372,49","+0,58%","152,42"
05/02/2026 - 00:00,1 986 363 410,14 251 235 321 508,11 519 452 112 513,"174,66","369,63","+0,45%","152,04"
04/02/2026 - 00:00,1 167 717 758,14 180 492 914 403,11 520 982 112 513,"173,88","367,79","+0,68%","150,98"
20/01/2026 - 00:00,671 161 203,13 551 124 179 991,11 351 407 434 366,"167,22","351,47","-0,27%","144,83"
15/01/2026 - 00:00,976 648 786,13 442 571 834 251,11 366 932 310 936,"166,36","348,65","+0,69%","143,35"
13/01/2026 - 00:00,701 911 461,13 342 662 032 571,11 364 342 387 336,"165,38","346,06","+0,21%","142,94"
12/01/2026 - 00:00,441 437 063,13 281 834 477 004,11 368 373 637 336,"165,04","344,48","+0,67%","143,03"
09/01/2026 - 00:00,3 587 640 966,13 184 345 965 614,11 434 135 893 606,"163,94","341,95","-0,39%","142,04"
06/01/2026 - 00:00,680 964 364,13 191 382 644 684,11 444 487 066 956,"164,10","342,14","+0,76%","143,16"
02/01/2026 - 00:00,932 712 451,13 281 855 595 501,11 449 699 343 356,"165,32","344,48","-0,55%","143,48"
31/12/2025 - 00:00,1 746 335 526,13 330 711 875 596,11 449 699 343 356,"166,24","345,75","+1,97%","144,25"
30/12/2025 - 00:00,3 820 321 018,13 107 618 414 461,11 428 816 889 682,"163,03","339,96","-0,14%","142,16"
29/12/2025 - 00:00,5 059 521 562,13 128 684 432 331,11 428 828 734 461,"163,26","340,51","-0,04%","140,77"
26/12/2025 - 00:00,4 051 221 388,13 142 211 244 734,11 427 952 668 261,"163,33","340,86","+0,06%","140,98"
24/12/2025 - 00:00,3 145 809 600,13 099 269 925 001,11 411 697 759 257,"163,24","339,75","+0,21%","139,83"
23/12/2025 - 00:00,1 692 694 451,13 092 659 947 876,11 405 425 419 720,"162,89","339,58","-0,46%","139,52"
22/12/2025 - 00:00,1 881 048 827,13 138 915 095 146,11 411 324 451 657,"163,64","340,78","-0,75%","139,72"
19/12/2025 - 00:00,6 828 480 104,13 256 662 571 476,11 412 257 077 857,"164,88","343,83","+0,63%","141,59"
18/12/2025 - 00:00,2 471 692 024,13 211 346 670 786,11 413 476 152 277,"163,84","342,66","-1,09%","140,51"
17/12/2025 - 00:00,705 309 040,13 349 140 454 961,11 411 822 207 762,"165,64","346,23","+0,07%","142,04"
16/12/2025 - 00:00,954 201 538,13 339 277 290 101,11 414 426 914 294,"165,52","345,97","-0,39%","142,03"
28/11/2025 - 00:00,764 802 802,10 674 284 903 433,10 674 284 903 433,"165,55","345,91","-0,32%",49416
03/09/2025 - 21:30,1163901931,12345088580089,10920892403542,"155,89","320,19","0,29 %","133,43"
02/09/2025 - 21:30,704656684,12309801340854,10860892403542,"155,44","319,27","0,14 %","132,79"
01/09/2025 - 21:30,790957838,12317256711862,10868977403542,"155,22","319,47","-0,22 %","133,29"
29/08/2025 - 21:30,788754054,12358290052139,10867462124542,"155,56","320,53","0,44%","132,87"
28/08/2025 - 20:30,530352967,12298732055149,10872703244364,"154,88","318,99","0,13 %","132,00"
27/08/2025 - 21:33,928086472,12283685189569,10857976074364,"154,68","318,59","-0,85 %","131,86"
26/08/2025 - 21:33,1165198507,12373005426944,10873794561595,"156,01","320,91","1,30%","132,70"
25/08/2025 - 20:30,2429481620,12241726057262,10433373721595,"154,01","317,51","-0,51 %","131,24"
22/08/2025 - 21:30,835518880,12300790809704,10456443175595,"154,80","319,04","0,00 %","132,12"
21/08/2025 - 20:30,1012702575,12283655495294,10472436415595,"154,80","318,59","0,49%","132,08"
20/08/2025 - 21:30,925776675,12233573677139,10456818870595,"154,05","317,30","-0,06 %","131,71"
19/08/2025 - 20:30,868057234,12249965421279,10469511415675,"154,15","317,72","0,51%","131,38"
18/08/2025 - 21:33,834104525,12176866738489,10469523790675,"153,37","315,82","0,45%","130,83"
14/08/2025 - 21:30,620979659,12136357810727,10497762895675,"152,69","314,77","0,57%","129,75"
13/08/2025 - 20:30,801029128,12080932421884,10503820570675,"151,83","313,34","0,30 %","128,82"
12/08/2025 - 21:30,1538930634,12044941395357,10506391670075,"151,38","312,40","0,29%","129,02"
11/08/2025 - 18:00,1656977774,12020422505515,10507597002275,"150,94","311,77","0,12%","128,77"
08/08/2025 - 21:30,2917308295,12018441102062,10522749783275,"150,76","311,72","-0,15%","127,91"
06/08/2025 - 20:30,371598049,12027475254837,10525582236285,"150,98","311,95","0,33%","128,94"
05/08/2025 - 20:30,875712761,11985628906740,10525353061285,"150,48","310,86","-0,11%","129,00"
04/08/2025 - 21:33,617014546,12002159584312,10525353061285,"150,65","311,29","-0,55%","128,20"
01/08/2025 - 19:30,1060183489,12071675502602,10555445547685,"151,49","313,10","0,44%","129,27"
31/07/2025 - 20:30,904689466,11986638853437,10588452647125,"150,82","310,89","-0,22%","128,86"
30/07/2025 - 21:30,765691271,12001422082697,10581702647125,"151,16","311,27","-0,18%","129,66"
29/07/2025 - 18:30,5099767308,11982453833842,10633180066615,"151,44","310,78","0,05%","129,94"
28/07/2025 - 21:30,1282254058,11955967378837,10654738318712,"151,95","310,10","-0,11%","130,07"
28/07/2025 - 21:30,1292651063,11941833895272,10646100453215,"151,37","309,73","-0,93 %","130,05"
24/07/2025 - 09:30,1282254058,11955967378837,10654738318712,"151,95","310,10","-0,11 %","130,07"
23/07/2025 - 20:33,1166542169,11922758181227,10653891562895,"152,11","309,23","-0,28%","129,75"
22/07/2025 - 21:30,6623670318,11919909585442,10649641113895,"152,53","309,16","0,52%","130,29"
21/07/2025 - 21:30,1662091808,11853673110424,10643026590415,"151,74","307,44","-0,02%","129,09"
18/07/2025 - 21:30,1021648652,11834679871992,10654357288285,"151,77","306,95","-0,02%","129,18"
16/07/2025 - 21:30,2746849985,11962110496274,10240882695533,"153,83","310,25","1,15 %","131,51"
16/07/2025 - 21:30,2746849985,11962110496274,10240882695533,"153,83","310,25","1,15 %","131,51"
15/07/2025 - 21:30,703513602,11817957376852,10241042061287,"152,08","306,52","0,64%","130,42"
14/07/2025 - 21:30,765660475,11762399705187,10246180699287,"151,12","305,07","-0,65 %","129,74"
11/07/2025 - 21:30,840445475,11795522315572,10297749501287,"152,11","305,93","-0,08 %","130,36"
10/07/2025 - 21:30,542475302,11774676431547,10312468577795,"152,23	%","305,39","0,55","130,63"
09/07/2025 - 20:30,687461764,11719057931857,10323522254824,"151,40","303,95","-0,13%","129,37"
08/07/2025 - 21:30,1427387583,11739445103209,10317334754824,"151,60","304,48","-1,13 %","128,77"
07/07/2025 - 21:30,874118423,11887761331664,10324039429876,"153,34","308,33","-0,46 %","131,49"
04/07/2025 - 21:30,1081921240,11947783103594,10364926267366,"154,05","309,88","0,24%","132,12"
03/07/2025 - 21:30,1218100839,11886170478504,10363563530460,"153,68","308,28","0,83%","131,31"
02/07/2025 - 21:30,944098339,11804028137854,10370188230177,"152,41","306,15","-1,03 %","130,48"
01/07/2025 - 20:30,1079879473,11892513068026,10372191266317,"153,99","308,45","-1,18%","131,55"
30/06/2025 - 21:30,1394771796,12031026229041,10405651208727,"155,83","312,04","0,97%","132,51"
27/06/2025 - 21:30,1078484187,11926197244839,10408039726491,"154,34","309,32","-1,12%","131,19"
26/06/2025 - 20:30,1188193230,12036052561136,10404920492761,"156,09","312,12","0,85%","131,96"
25/06/2025 - 21:30,2164087111,11953683084551,10411042656707,"154,78","309,98","-0,70%","131,11"
24/06/2025 - 20:30,1436946304,12028233476931,10412118507387,"155,87","311,92","-0,16%","131,54"
23/06/2025 - 21:30,1313712148,12047092868691,10417918507387,"156,12","312,41","-0,13%","131,31"
20/06/2025 - 21:30,1655198250,12070845047826,10446980068587,"156,33","313,02","0,72%","130,89"
19/06/2025 - 20:30,1341523275,11990455645421,10448879449997,"155,21","310,94","0,50%","129,60"
18/06/2025 - 20:30,978538086,11919321986759,10439025013495,"154,44","309,09","0,18%","129,02"
17/06/2025 - 21:30,1328170664,11880973821901,10433568672791,"154,16","308,10","0,75%","128,32"
16/06/2025 - 20:30,1304017811,11812655490239,10472388305003,"153,01","306,33","-0,18%","127,62"
13/06/2025 - 21:35,1975983606,11806515786111,10525554019519,"153,28","306,17","-0,17 %","127,59"
12/06/2025 - 21:30,1515255993,11833419700449,10511290379589,"153,54","306,87","0,34%","127,52"
11/06/2025 - 21:35,2267664279,11785067119464,10508912586089,"153,02","305,61","0,54 %","126,88"
10/06/2025 - 21:30,2257665990,11736071587586,10510839152907,"152,20","304,34","0,55 %","124,55"
05/06/2025 - 20:30,640358200,11648123219806,10532790367901,"151,37","302,06","0,06 %","124,37"
04/06/2025 - 20:30,3124984657,11652481532376,10533790367901,"151,28","302,17","0,10 %","123,79"
03/06/2025 - 20:33,2344254107,11625962412571,10544798752416,"151,13","301,49","-0,49 %","123,64"
02/06/2025 - 21:30,1257601839,11676535415236,10546117217901,"151,87","302,80","0,08 %","124,61"
30/05/2025 - 21:30,1476136592,11685655701026,10546199973361,"151,75","303,03","0,09 %","124,82"
28/05/2025 - 21:30,1113283337,11675221529644,10541119850686,"151,61","302,76","-0,47 %","125,14"
27/05/2025 - 21:31,1006822181,11716532196011,10542711064936,"152,33","303,83","0,61%","125,71"
22/05/2025 - 21:30,1288000897,11693857477219,10544460274536,"151,81","303,25","0,20 %","126,18"
22/05/2025 - 16:33,1288000897,11693857477219,10544460274536,"151,81","303,25","0,20%","126,18"
21/05/2025 - 09:50,888502146,11667739684277,10542980631966,"151,51","302,57","-0,42%","125,62"
20/05/2025 - 20:30,782252291,11696476955175,10544373667236,"152,15","303,31","-0,31 %","126,19"
19/05/2025 - 11:40,1371645428,11699358763617,10548745828179,"152,63","303,39","0,34%","126,03"
16/05/2025 - 20:30,3014760907,11646184765357,10549497911559,"152,11","302,01","0,20%","124,72"
15/05/2025 - 20:15,1286566055,11618385758082,10556346943533,"151,80","301,29","0,38%","124,38"
14/05/2025 - 20:15,1340382779,11583475836777,10567573737783,"151,22","300,38","0,62%","124,52"
13/05/2025 - 21:15,1373586057,11497954409497,10584216752783,"150,29","298,17","0,82%","123,37"
12/05/2025 - 20:30,745106563,11432218964495,10595510104883,"149,07","296,46","0,34%","121,75"
09/05/2025 - 21:15,913972709,11399085018702,10596287881683,"148,56","295,60","0,29%","121,71"
08/05/2025 - 20:30,1584471900,11376507648307,10597065658483,"148,13","295,02","0,75 %","121,41"
07/05/2025 - 20:15,3399936481,11281008354452,10491824440083,"147,02","292,54","0,50%","120,63"
06/05/2025 - 20:15,752494546,11231810119007,10491813190083,"146,29","291,26","0,05%","121,27"
05/05/2025 - 21:30,1795627435,11206760502497,10503345341597,"146,21","290,62","1,16%","121,60"
02/05/2025 - 21:30,483411376,11096318824775,10496647799877,"144,54","287,75","-0,53%","120,89"
30/04/2025 - 21:14,1015671340,11164577807812,10495883157897,"145,31","289,52","0,85%","121,69"
29/04/2025 - 20:14,507771978,11069981764967,10495774824637,"144,09","287,07","-0,15%","121,24"
28/04/2025 - 21:15,1254191176,11094822205370,10498587788897,"144,30","287,71","0,79%","121,86"
25/04/2025 - 21:14,819972866,11023887426212,10486860951397,"143,17","285,87","-0,79%","120,67"
24/04/2025 - 20:15,624221643,10774684477677,10492350951397,"144,31","287,27","-0,15%","121,33"
23/04/2025 - 20:15,935919794,10711855648720,10523695463597,"143,46","285,60","-0,19 %","121,13"
23/04/2025 - 20:15,409576038,10797476713672,10498071819197,"144,53","287,88","0,75%","121,66"
21/04/2025 - 20:35,2933510342,10724465487065,10523706713597,"143,74","285,94","1,73 %","121,33"
18/04/2025 - 20:15,426963730,10558981636410,10433930096097,"141,29","281,52","-2,73%","119,52"
17/04/2025 - 20:15,575095880,10823128454440,10434911160337,"145,26","288,57","0,89%","122,42"
16/04/2025 - 21:00,738932352,10719886262713,10454503541637,"143,98","285,81","-0,32 %","121,75"
15/04/2025 - 20:30,468013000,10748902165035,10457662235237,"144,44","286,59","-0,15%","121,80"
14/04/2025 - 20:45,975500751,10771456509240,10458759839437,"144,66","287,19","-1,39 %","122,03"
11/04/2025 - 17:45,825137699,10906711804273,10464034911557,"146,70","290,79","0,80%","123,48"
10/04/2025 - 22:15,1249472828,10846575552010,10463277884757,"145,53","289,19","1,62%","122,18"
09/04/2025 - 21:15,1304569081,10685405407585,10463277884757,"143,21","284,89","-1,10%","120,47"
08/04/2025 - 20:30,723590 958,10792983590350,10487023254257,"144,81","287,76","-0,13 %","121,30"
07/04/2025 - 20:30,501063058,10799592113680,10490405402257,"145,00","287,94","-0,32%","121,16"
04/04/2025 - 20:30,506153190,10829125019160,10490405402257,"145,47","288,73","0,39%","121,76"
03/04/2025 - 21:25,491883565,10792539898685,10490996027257,"144,91","287,75","-0,09%","121,93"
02/04/2025 - 21:15,1622601572,10799249294800,10490996027257,"145,04","287,93","0,11%","121,90"
28/03/2025 - 20:45,608525387,10802662358610,10487573167737,"144,88","288,02","0,24%","122,36"
27/03/2025 - 21:03,1711675365,10780408435897,10523146642317,"144,53","287,43","0,66%","121,88"
26/03/2025 - 20:35,572704773,10705524804712,10544069681917,"143,58","285,43","0,55%","121,24"
25/03/2025 - 22:15,1533524568,10650938381642,10554567016359,"142,80","283,97","-0,10 %","120,92"
24/03/2025 - 20:58,932932823,10669775352345,10508132315859,"142,95","284,48","+0,49 %","284,48"
17/03/2025 - 20:30,1 161 756 255,10 954 903 030 247,10 533 712 655 690,"146,93","292,08","+0,02 %","123,45"
14/03/2025 - 21:54,921 805 798,10 948 857 884 537,10 535 768 183 290,"146,90","291,92","+0,42 %","123,14"
13/03/2025 - 22:35,1 710 333 326,10 910 993 735 992,10 552 526 510 030,"146,29","290,91","-0,39 %","123,23"
12/03/2025 - 21:30,604 978 261,10 945 993 327 112,10 550 951 881 030,"146,87","291,84","-0,01 %","122,79"
11/03/2025 - 21:33,1 345 179 462,10 946 176 711 152,10 548 959 079 625,"146,88","291,85","-0,24%","122,79"
10/03/2025 - 21:33,1 534 468 216,10 969 505639672,10550843547770,"147,24","292,47","-0,26%","123,38"
07/03/2025 - 19:33,1 196 811 055,10 994 646 880 320,10 580 477 299 059,"147,63","293,14","+0,20 %","123,89"
05/03/2025 - 21:33,473 317 585,10 936 540 752 722,10 578 477 299 059,"146,80","291,59","+0,46 %","123,75"
28/02/2025 - 21:33,681 133 963,10970355980742,10616352370929,"147,33","292,49","+0,45%","124,29"
26/02/2025 - 21:33,783 801 579,10 894 424 736 492,10 616 972 876 249,"146,41","290,47","+0,34 %","123,61"
25/02/2025 - 22:33,570 628 148,10 862 134 801 572,10 620 240 090 649,"145,92","289,61","-1,14 %","122,56"
24/02/2025 - 22:24,2 423 889 238,11 018 835 124 127,10 596 502 126 199,"148,15","293,78","+0,89 %","124,60"
24/02/2025 - 22:23,719006925,10 980 639 150 422,10 597 440 090 649,147.61,292.77,-0.36 %,123.66
20/02/2025 - 21:33,653 047 081,10 922 745 795 907,10 585 037 768 179,"146,84","291,22","+1,25 %","124,12"
19/02/2025 - 19:33,1 500 830 555,10 792 345 892 810,10 585 037 768 179,"145,02","287,74","+0,68 %","123,01"
18/02/2025 - 21:33,3 149 403 821,10 724 204 679 662,10 586 896 968 179,"144,04","285,93","+0,45 %","121,94"
17/02/2025 - 20:33,382 097 499,10 678 909 060 917,10 518 771 859 359,"143,39","284,72","+0,27 %","120,86"
14/02/2025 - 19:23,761 231 240,10651615708420,10532282908655,"143,01","283,99","+0,43%","120,13"
13/02/2025 - 19:33,664 359 274,10 601 299 230 670,10 532 570 758 455,"142,40","282,65","-0,25 %","118,07"
12/02/2025 - 19:33,602 950 428,10 627 744 099 672,10 537 035 872 655,"142,75","283,36","+0,94 %","119,10"
11/02/2025 - 18:33,478 243 881,10532289836382,10537511558005,"141,42","280,81","-0,16%","118,57"
10/02/2025 - 21:21,645 343 611,10 551 905 798 445,10 533 811 558 005,"141,65","281,33","-0,67 %","118,66"
07/02/2025 - 19:28,345 198 911,10 617 021 076 840,10 535 125 984 005,"142,61","283,07","+0,33 %","119,62"
06/02/2025 - 21:43,471 146 695,10 578 157 012 395,10 530 154 165 005,"142,14","282,03","+0,74 %","118,52"
04/02/2025 - 21:43,674 897 216,10 490 884 801 667,10 528 666 304 435,"140,92","279,71","+0,94 %","117,02"
03/02/2025 - 21:33,271 648 823,10 222 048 020 690,10 533 868 430 435,"139,61","277,24","-0,26 %","115,46"
31/01/2025 - 22:30,770560525,10246429134880,10543501457835,"139,98","277,90","+0,79 %","116,00"
30/01/2025 - 21:33,438807539,10165780555810,10536150670435,"138,88","275,71","-1,10 %","114,58"
29/01/2025 - 16:33,420672387,10274058080817,10537750670435,"140,42","278,65","+0,24 %","115,20"
27/01/2025 - 19:21,391 195 501,10 187 969 109 465,10 544 082 614 275,"139,06","276,31","+0,86 %","114,79"
24/01/2025 - 18:43,501 520 356,10 105 118 022 872,10 559 520 114 275,"137,88","274,07","+0,19 %","113,70"
23/01/2025 - 20:03,376 000 141,10 084 378 319 112,10 572 328 397 575,"137,62","273,50","+0,48 %","113,42"
22/01/2025 - 19:43,836 150 315,9 938 332 081 462,10 571 870 898 935,"136,96","272,18","+0,06 %","113,10"
21/01/2025 - 19:33,571 440 110,9 935 209 508 822,10 575 487 443 635,"136,88","272,09","-0,13 %","112,51"
20/01/2025 - 18:43,343 558 841,9 951 009 893 822,10 581 822 140 809,"137,06","272,53","-0,39 %","113,04"
18/12/2024 - 18:43,1 768 553 413,10 004 023 764 507,10 334 155 341 400,"137,19","273,98","-0,17%","112,19"
17/12/2024 - 22:33,1 116 183 111,10 000 480 351 742,10 333 146 646 080,"137,42","273,88","-0,46 %","111,02"
16/12/2024 - 21:22,523 663 534,10 068 005 338 172,10 336 700 792 496,"138,05","275,73","-0,07 %","111,92"
13/12/2024 - 22:10,805 398 905,10 058 833 868 027,10 355 975 950 872,"138,14","275,48","+0,59 %","112,10"
10/12/2024 - 19:10,908 181 859,9 932 087 792 837,10 343 003 459 820,"137,33","274,64","-0,15 %","111,48"
22/11/2024 - 19:10,5 581 373 017,10 105 494 836 597,10 464 449 572 241,"137,50","274,87","+0,27%","112,08"
07/10/2024 - 21:22,2 247 134 757,9 678 188 160 909,10 612 305 181 182,"132,57","266,63","+0,71%","111,46"
04/10/2024 - 20:27,2 007 753 029,9 592 600 080 972,10 619 340 181 182,"131,63","264,27","-0,16%","111,88"
03/10/2024 - 20:27,3 179 530 304,9 598 514 587 274,10 619 421 181 182,"131,84","264,43","+0,29%","111,84"
02/10/2024 - 19:12,6 330 964 144,9 551 504 554 919,10 463 851 960 682,"131,46","263,14","-0,19%","110,68"
01/10/2024 - 21:19,967 176 321,9 572 885 124 749,10 465 397 843 382,"131,71","263,73","-0,05%","111,44"
30/09/2024 - 19:23,972 873 961,9 571 735 039 817,10 490 531 153 442,"131,78","263,70","-0,89%","111,51"
27/09/2024 - 20:23,972 873 961,9 629 201 187 624,10 502 786 301 522,"132,96","265,28","+0,30%","112,68"
26/09/2024 - 19:29,1 021 827 362,9 589 688 294 874,10 504 856 043 822,"132,56","264,19","+0,08%","112,58"
25/09/2024 - 20:54,320 479 879,9 591 928 860 824,10 517 372 346 922,"132,46","264,25","0,00%","113,19"
24/09/2024 - 16:54,737 896 714,9 591 118 268 447,10 517 372 346 922,"132,46","264,23","-0,30%","113,47"
23/09/2024 - 18:12,957 942 377,9 613 247 510 864,10 520 525 408 422,"132,86","264,84","+0,44%","113,88"
20/09/2024 - 20:31,592 253 089,9 483 555 376 929,10 539 584 409 422,"131,03","261,27","-0,38%","113,78"
20/09/2024 - 19:12,1 414 846 787,9 574 177 644 394,10 545 557 028 422,"132,28","263,76","+0,95%","113,56"
18/09/2024 - 19:33,1 094 829 174,9 513 703 320 869,10 541 885 209 422,"131,53","262,10","+0,08%","113,24"
18/09/2024 - 19:21,5 978 066 469,9 510 929 648 164,10 535 281 056 503,"131,43","262,02","-0,04%","114,26"
16/09/2024 - 21:33,468 357 540,9 511 715 276 429,10 535 768 627 183,"131,48","262,04","+0,25%","114,25"
13/09/2024 - 19:33,992 633 850,9 482 517 444 519,10 535 801 962 383,"131,15","261,24","+0,34%","113,24"
12/09/2024 - 19:33,7 050 338 352,9 457 734 575 464,10 538 899 964 803,"130,71","260,56","+0,61 %","114,85"
11/09/2024 - 18:33,548 192 029,9 403 896 605 992,10 542 328 127 553,"129,92","259,07","-0,18%","114,36"
10/09/2024 - 20:33,1 291 837 367,9 677 251 250 829,10 495 315 127 553,"130,15","259,54","+0,52%","114,61"
09/09/2024 - 20:31,510 993 113,9 636 057 009 732,10 367 837 617 203,"129,48","258,30","-0,41 %","114,43"
05/09/2024 - 19:33,955 688 146,9 598 446 558 754,10 373 920 951 203,"129,71","258,48","+0,25%","114,49"
04/09/2024 - 18:45,670 984 119,9 497 697 227 869,10 372 417 883 803,"129,39","257,90","+0,02%","114,72"
02/09/2024 - 19:42,316 987 556,9 513 724 946 194,10 372 417 883 803,"128,36","255,79","+0,88%","113,92"
02/09/2024 - 18:24,477 946 115,9 518 189 691 849,10 372 417 883 803,"129,36","257,93","+0,78%","115,19"
30/08/2024 - 23:33,2 239 718 501,9 310 997 584 624,10 373 650 465 325,"127,24","253,67","+0,13%","114,04"
28/08/2024 - 18:23,1 021 788 752,9 283 234 476 919,10 369 248 440 075,"126,41","251,89","+0,55%","113,14"
27/08/2024 - 19:45,499 944 876,9 320 119 029 124,10 368 132 064 075,"125,72","250,52","+0,46%","112,59"
26/08/2024 - 19:23,884 537 873,9 275 868 382 927,10 368 953 251 795,"125,15","249,33","-1,60 %","113,31"
23/08/2024 - 18:43,827 733 540,9 409 292 762 344,10 406 179 081 795,"127,18","252,92","+0,55%","113,10"
22/08/2024 - 21:33,386 398 150,9 360 344 638 439,10 400 893 987 875,"126,71","251,97","+0,18%","113,11"
21/08/2024 - 22:10,2 632 822 485,9 325 701 891 239,10 424 587 056 075,"125,84","250,67","+0,16%","112,24"
20/08/2024 - 23:15,3 298 822 602,9 308 792 202 359,10 424 600 181 075,"125,64","250,22","+0,19%","111,75"
19/08/2024 - 18:15,728 415 066,9 291 474 429 574,10 419 659 724 075,"124,45","125,40","-0,34%","111,60"
16/08/2024 - 23:33,878 942 870,9 231 231 781 394,10 447 728 250 075,"124,45","248,13","-0,34%","111,44"
13/08/2024 - 18:28,874 200 120,9 258 930 637 044,10 444 671 630 775,"124,99","248,88","+0,51%","111,44"
12/08/2024 - 19:08,1 103 568 732,9 220 907 481 517,10 444 680 470 002,"124,36","247,86","-0,30 %","112,56"
09/08/2024 - 18:33,1 144 660 774,9 246 245 423 524,10 444 180 472 002,"124,74","248,54","+2,57 %","112,79"
08/08/2024 - 18:38,761 511 580,9 031 543 865 809,10 439 028 057 022,"121,62","242,77","+0,58%","111,10"
05/08/2024 - 18:49,499 066 684,8 935 424 634 244,10 289 085 616 812,"120,19","240,18","-0,50%","110,60"
02/08/2024 - 23:42,1 109 329 299,8 977 755 161 814,10 317 725 706 812,"120,79","241,32","+1,50%","110,87"
01/08/2024 - 18:47,743 082 400,8 854 349 974 482,10 325 131 107 312,"119,00","238,00","-0,25%","110,72"
31/07/2024 - 18:37,1 644 103 946,8 878 573 543 114,10 360 081 373 612,"119,30","238,66","+0,55%","111,58"
30/07/2024 - 17:32,439 856 958,8 829 956 351 007,10 360 741 657 812,"118,65","237,35","-0,75%","111,56"
29/07/2024 - 18:26,1 114 079 336,8 889 402 708 977,10 392 357 898 023,"119,55","238,95","-0,18%","112,14"
26/07/2024 - 19:44,1 411 370 570,8 902 541 620 814,10 416 071 958 913,"119,76","239,30","+0,41%","112,87"
25/07/2024 - 20:34,264 623 451,8 865 773 777 849,10 404 731 830 063,"119,27","238,31","-0,05%","111,90"
24/07/2024 - 23:30,266 309 483,8 870 918 645 599,10 422 293 950 813,"119,33","238,45","+0,62%","112,06"
22/07/2024 - 23:34,948 420 303,8 833 440 378 729,10 422 244 538 362,"118,83","237,44","-0,87%","112,32"
19/07/2024 - 23:54,1 031 215 512,8 898 232 040 704,10 433 003 107 146,"119,87","239,18","+0,61%","112,15"
18/07/2024 - 23:47,1 086 493 499,8 850 139 313 137,10 432 000 052 746,"119,14","237,89","-0,28%","111,82"
17/07/2024 - 23:23,383 349 344,8 868 190 621 709,10 431 898 552 197,"119,47","238,38","+1,71%","110,83"
16/07/2024 - 18:35,481 519 442,8 740 475 859 459,10 444 804 960 817,"117,46","234,94","+ 1,10 %","110,71"
15/07/2024 - 18:12,371 565 544,8 652 755 046 664,10 443 650 462 617,"116,18","232,59","+0,40 %","109,83"
12/07/2024 - 23:43,680 003 035,8 618 492 278 144,10 470 684 664 617,"115,72","231,66","-0,41%","109,64"
11/07/2024 - 23:43,435 664 023,8 653 189 013 159,10 496 941 847 017,"116,20","232,60","+0,15%","109,92"
09/07/2024 - 17:13,605 202 128,8 546 404 687 894,10 515 450 938 567,"114,98","229,73","+0,16 %","108,68"
08/07/2024 - 17:47,2 917 338 692,8 553 972 031 144,10 517 659 568 567,"115,17","229,93","+0,27 %","108,08"
05/07/2024 - 23:33,260 187 094,8 537 227 322 932,10 529 775 863 867,"114,86","229,48","-0,17%","108,71"
03/07/2024 - 17:46,1 091 160 438,8 543 855 383 529,10 533 456 020 827,"114,75","229,66","-0,19 %","108,03"
02/07/2024 - 18:13,722 667 854,8 568 960 735 419,10 535 216 020 827,"114,97","230,33","+0,58 %","108,81"
01/07/2024 - 18:13,1 537 401 772,8 522 293 528 709,10 532 299 352 827,"114,31","229,08","-0,27 %","107,73"
28/06/2024 - 23:43,1 329 541 775,8 545 517 389 514,10 580 241 654 806,"114,62","229,70","+0,09%","108,16"
27/06/2024 - 18:11,1 032 136 778,8 526 415 294 749,10 563 254 335 777,"114,52","229,19","-0,21%","107,62"
26/06/2024 - 18:05,484 796 505,8 558 699 723 769,10 481 578 925 627,"114,76","230,06","-0,17%","107,81"
25/06/2024 - 23:43,730 847 569,8 564 566 508 524,10 211 204 429 852,"114,95","230,21","+0,50%","108,76"
24/06/2024 - 18:52,225 492 464,8 537 099 402 719,10 214 234 429 852,"114,38","229,48","-0,40 %","108,59"
21/06/2024 - 23:33,1 414 225 277,8 558 277 522 629,10 217 540 309 452,"114,84","230,05","-0,15%","109,20"
20/06/2024 - 23:33,356 074 397,8 567 665 541 359,10 239 378 729 352,"115,01","230,30","+0,94 %","109,25"
19/06/2024 - 18:28,939 490 216,8 492 178 174 614,10 252 816 149 352,"113,94","228,27","+0,11 %","108,08"
18/06/2024 - 23:55,1 050 411 155,8 495 140 117 559,10 243 338 480 480,"113,82","228,35","-0,38 %","109,07"
13/06/2024 - 23:49,1 654 117 229,8 466 908 810 094,10 290 308 925 444,"113,57","227,59","+0,82 %","107,86"
12/06/2024 - 18:32,2 016 764 402,8 402 245 950 374,10 293 650 681 032,"112,68","225,85","-0,03 %","106,76"
11/06/2024 - 18:15,396 512 632,8 405 940 130 154,10 291 172 018 832,"112,68","225,95","+0,16 %","107,28"
10/06/2024 - 18:15,309 904 046,8 395 549 281 689,10 290 838 685 632,"112,50","225,67","-0,35 %","107,72"
07/06/2024 - 23:54,1 165 494 160,8 412 347 406 712,10 291 709 519 662,"112,90","226,12","-0,07 %","108,48"
06/06/2024 - 18:43,9 488 603 644,8 425 476 277 634,10 275 888 602 472,"112,98","226,48","+0,51 %","108,31"
05/06/2024 - 17:45,5 049 233 752,8 385 651 287 779,10 289 379 047 472,"112,41","225,41","-0,35 %","107,70"
04/06/2024 - 17:53,725 741 128,8 377 926 739 034,10 306 150 792 022,"112,80","225,95","+0,05 %","106,34"
03/06/2024 - 17:44,452 532 507,8 377 926 739 034,10 306 150 792 022,"112,74","225,20","-0,07 %","105,93"
31/05/2024 - 23:57,1 465 929 500,8 381 544 068 769,10 307 734 065 282,"112,82","225,29","+1,14 %","105,75"
30/05/2024 - 23:57,1 018 836 556,8 280 033 547 214,10 293 099 416 982,"111,55","222,57","-1,65 %","104,58"
29/05/2024 - 17:47,652 128 335,8 156 889 795 259,10 275 994 582 860,"110,16","219,26","-0,33 %","102,92"
28/05/2024 - 17:37,3 104 412 188,8 412 287 968 209,10 301 266 515 782,"113,43","226,12","+0,81 %","104,93"
27/05/2024 - 19:36,1 592 581 775,8 356 319 326 224,10 306 669 536 205,"112,52","224,62","+0,02 %","104,28"
24/05/2024 - 23:56,1 873 000 599,8 349 914 184 059,10 310 682 502 932,"112,50","224,44","+1,44 %","104,34"
23/05/2024 - 18:25,1 001 608 932,8 238 380 965 679,10 299 982 206 592,"110,90","221,45","+0,34 %","102,46"
22/05/2024 - 18:53,1 122 615 821,8 209 963 643 579,10 311 857 208 592,"110,52","220,68","+0,65 %","101,93"
21/05/2024 - 19:43,707 838 307,8 165 188 930 117,10 239 311 003 892,"109,81","219,48","-0,28 %","101,82"
17/05/2024 - 23:53,453 626 467,8 189 265 018 824,10 245 548 856 630,"110,12","220,13","+ 0,39 %","101,99"
16/05/2024 - 23:53,1 046 819 994,8 162 273 730 027,10 248 230 887 823,"109,69","219,40","-0,44 %","102,24"
15/05/2024 - 18:35,1 482 692 655,8 192 158 326 829,10 266 058 887 823,"110,17","220,20","-1,34 %","103,10"
14/05/2024 - 23:25,2 275 599 483,8 281 934 340 724,10 222 233 756 530,"111,67","222,62","+1,29 %","104,07"
10/05/2024 - 23:45,1 382 991 053,8 181 352 053 549,10 270 769 887 770,"110,27","219,91","-0,13 %","103,56"
08/05/2024 - 18:40,2 553 966 726,8 196 964 676 824,10 267 013 649 670,"110,41","220,33","+0,65 %","104,45"
07/05/2024 - 18:05,675 333 383,8 145 519 657 642,10 267 013 649 670,"109,70","218,95","-0,22 %","103,64"
06/05/2024 - 22:56,382 436 049,8 152 812 091 819,10 276 025 040 920,"109,94","219,15","-0,04 %","102,53"
03/05/2024 - 23:54,968 441 202,8 154 581 339 262,10 281 590 040 920,"109,98","219,19","-0,38 %","103,10"
02/05/2024 - 17:54,425 462 099,8 181 650 896 189,10 273 513 557 920,"110,40","219,92","-0,40 %","104,38"
30/04/2024 - 23:44,1 326 300 790,8 209 307 507 166,10 276 723 557 920,"110,84","220,67","+0,62 %","104,42"
29/04/2024 - 18:24,652 128 335,8 156 889 795 259,10 275 994 582 860,"110,16","219,26","-0,33 %","102,92"
26/04/2024 - 23:34,459 866 571,8 153 726 060 986,10 277 840 231 760,"110,31","219,17","+0,75 %","102,78"
24/04/2024 - 18:04,1 724 215 785,8 088 251 261 046,10 290 146 430 440,"109,49","217,41","-0,64 %","101,64"
23/04/2024 - 18:17,1 676 147 002,8 145 235 989 021,10 314 983 687 298,"110,20","218,94","+0,36 %","102,47"
22/04/2024 - 18:48,4 554 213 817,8 116 831 430 386,10 320 400 843 841,"109,80","218,18","-0,27 %","102,16"
19/04/2024 - 20:07,1 186 432 086,8 132 289 244 401,10 347 173 356 271,"110,10","218,60","-0,27 %","102,23"
18/04/2024 - 23:07,1 793 046 941,8 152 682 466 716,10 329 294 548 833,"110,40","219,14","-0,15 %","102,40"
17/04/2024 - 18:07,579 380 751,8 160 927 326 841,10 332 430 468 013,"110,57","219,36","+0,48 %","102,58"
16/04/2024 - 20:35,3 921 461 936,8 111 096 021 566,10 351 141 916 695,"110,04","218,03","-0,37 %","102,33"
15/04/2024 - 21:11,349 680 171,8 152 907 803 691,10 246 425 608 425,"110,45","219,15","+0,49 %","102,68"
12/04/2024 - 23:18,850 653 052,8 122 676 502 501,10 256 452 444 615,"109,91","218,34","-0,06 %","102,88"
11/04/2024 - 18:19,439 179 877,8 139 417 956 921,10 253 173 809 875,"109,98","218,79","+0,06 %","103,41"
09/04/2024 - 23:18,1 048 520 595,8 132 045 973 406,10 254 862 337 475,"109,91","218,59","+1,61 %","103,32"
08/04/2024 - 18:18,426 909 792,8 017 832 460 561,10 253 763 915 475,"108,17","215,52","+0,08 %","101,92"
05/04/2024 - 23:43,1 614 099 715,8 009 584 770 256,10 255 828 248 315,"108,08","215,30","-0,37 %","102,23"
04/04/2024 - 18:23,1 398 073 364,8 040 147 090 326,10 245 833 219 115,"108,48","216,12","-0,06 %","102,29"
03/04/2024 - 18:33,2 195 148 527,8 048 337 407 086,10 250 633 719 108,"108,54","216,34","+0,16 %","102,42"
02/04/2024 - 18:20,963 528 771,8 028 344 602 146,10 257 113 777 240,"108,37","215,80","+0,10 %","100,92"
29/03/2024 - 23:54,787 215 515,8 020 746 357 431,10 266 978 097 320,"108,26","215,60","-0,16 %","99,95"
28/03/2024 - 23:53,329 122 827,8 032 719 143 176,10 275 726 197 140,"100,54","215,92","+ 0,33 %","100,54"
27/03/2024 - 18:24,2 746 257 610,8 003 959 762 946,10 302 326 397 140,"108,07","215,15","+0,13 %","100,66"
26/03/2024 - 18:33,2 969 832 839,8 000 112 330 801,10 300 034 598 747,"107,93","215,04","+0,25 %","100,44"
25/03/2024 - 18:33,1 081 577 677,7 980 799 484 971,10 315 132 496 907,"107,66","214,52","+ 0,03 %","99,89"
22/03/2024 - 23:47,224 226 086,7 971 947 130 421,10 315 132 496 907,"107,63","214,29","+0,41 %",
21/03/2024 - 18:17,196 653 993,7 940 162 434 001,10 310 955 299 607,"107,19","213,43","-0,13 %","99,55"
20/03/2024 - 18:10,616 672 529,7 953 799 666 266,10 358 150 761 387,"107,33","213,80","+0,09 %","99,72"
19/03/2024 - 18:20,3 598 722 252,7 945 982 559 121,10 361 690 994 098,"107,23","213,59","-0,37 %","99,64"
18/03/2024 - 18:17,601 083 952,7 966 341 173 511,10 362 771 549 078,"107,63","214,13","+0,98 %","99,80"
16/03/2024 - 16:33,550 073 809,7 883 806 444 291,10 364 993 773 078,"106,59","211,92","-0,23 %","98,83"
13/03/2024 - 20:46,2 872 569 254,7 907 455 005 236,10 382 412 389 678,"107,02","212,55","-0,03 %","99,03"
12/03/2024 - 18:01,739 499 283,7 915 164 438 086,10 385 084 567 316,"107,05","212,76","+0,20 %","98,91"
11/03/2024 - 16:33,345 768 720,7 895 473 124 776,10 261 014 292 816,"106,84","212,23","-0,25 %","99,19"
08/03/2024 - 22:40,1 270 463 149,7 923 442 942 806,10 275 839 710 764,"107,11","212,98","+0,37 %","98,67"
07/03/2024 - 18:10,342 320 873,7 893 290 105 276,10 277 110 960 764,"106,72","212,17","+0,54 %","98,70"
06/03/2024 - 17:58,411 296 854,7 846 691 705 756,10 279 434 960 764,"106,15","210,92","-0,53 %","98,27"
05/03/2024 - 16:33,412 912 683,7 894 899 280 506,10 280 717 127 392,"106,72","212,21","-0,38 %","98,67"
04/03/2024 - 19:12,631 683 330,7 922 818 307 266,10 281 417 095 158,"107,13","212,96","+0,12 %","99,42"
01/03/2024 - 19:52,3 664 669 826,7 907 070 032 779,10 287 165 478 698,"107,00","212,54","-0,49 %","99,07"
29/02/2024 - 17:46,626 366 390,7 942 798 205 306,10 300 338 552 198,"107,53","213,50","+0,56 %","99,66"
28/02/2024 - 21:56,286 370 399,7 908 688 030 871,10 288 490 315 395,"106,93","212,58","+0,19%","99,69"
27/02/2024 - 17:52,460958670,7894078707616,10289488759195,"106,73","212,19","-0,18 %","99,36"
27/02/2024 - 17:52,460 958 670,7 894 078 707 616,10 289 488 759 195,"106,73","212,19","-0,18 %","99,36"
27/02/2024 - 17:52,460 958 670,7 894 078 707 616,10 289 488 759 195,"106,73","212,19","-0,18 %","99,36"
27/02/2024 - 17:52,460 958 670,7 894 078 707 616,10 289 488 759 195,"106,73","212,19","-0,18 %","99,36"
26/02/2024 - 17:33,1 188 858 702,7 908 401 725 581,10 296 405 755 938,"106,92","212,58","+ 0,08 %","99,91"
23/02/2024 - 17:34,1 165 061 332,7 904 436 094 909,10 301 462 398 525,"106,83","212,47","+0,54%","100,28"
22/02/2024 - 22:50,509 137 904,7 869 445 477 67,10 298 204 813 075,"106,26","211,53","+0,62 %","99,53"
21/02/2024 - 17:42,904 171 824,7 826 834 404 746,10 292 023 563 075,"105,61","210,38","-0,23 %","98,27"
20/02/2024 - 17:15,622 546 292,7 838 284 394 621,10 292 023 563 075,"105,85","210,69","+1,02 %","99,42"
20/02/2024 - 17:15,622 546 292,7 838 284 394 621,10 292 023 563 075,"105,85","210,69","+1,02 %","99,42"
19/02/2024 - 18:40,448 078 334,7 770 897 766 054,10 298 900 841 315,"104,78","208,88","-0,42 %","98,03"
16/02/2024 - 23:01,680 572 772,7 800 646 459 871,10 314 380 479 315,"105,22","209,68","+ 0,16 %","98,56"
15/02/2024 - 20:11,1 366 442 533,7 789 137 764 811,10 315 323 183 436,"105,05","209,37","+ 0,07 %","98,38"
14/02/2024 - 18:10,455 370 235,7 781 854 068 646,10 315 709 729 226,"104,98","209,18","+ 0,47 %","98,95"
13/02/2024 - 22:48,1 105 626 806,7 748 076 464 901,10 307 941 900 026,"104,49","208,27","+0,17 %","98,06"
09/02/2024 - 18:38,2 134 866 490,7 732 857 321 571,10 321 161 687 662,"104,31","207,86","0,00 %","97,41"
08/02/2024 - 20:02,153 126 943,7 734 887 899 526,10 317 347 365 862,"104,31","207,91","+0,41 %","97,09"
07/02/2024 - 17:16,316 952 529,7 706 747 373 876,10 317 878 574 862,"103,88","207,16","-0,17 %","96,63"
06/02/2024 - 17:16,316 952 529,7 706 747 373 876,10 317 878 574 862,"103,88","207,16","-0,17 %","96,63"
05/02/2024 - 19:06,380 196 980,7 731 225 402 986,10 200 284 867 582,"104,18","207,81","-0,11 %","96,49"
02/02/2024 - 23:56,613 393 372,7 733 833 715 356,10 200 284 867 582,"104,29","207,88","+0,27 %","96,75"
01/02/2024 - 18:06,301 413 632,7 715 905 974 736,10 194 346 342 532,"104,01","207,40","-0,20 %","96,65"
31/01/2024 - 19:10,184 034 654,7 724 822 424 116,10 201 694 094 032,"104,22","207,64","+0,07 %","96,78"
30/01/2024 - 20:57,221 916 161,7 718 180 252 311,10 201 673 509 532,"104,15","207,46","-0,16 %","96,33"
30/01/2024 - 20:57,221 916 161,7 718 180 252 311,10 201 673 509 532,"104,15","207,46","-0,16 %","96,33"
29/01/2024 - 11:31,941 303 500,7 728 968 457 521,10 201 673 509 532,"104,32","207,75","-0,08 %","96,66"
25/01/2024 - 18:41,154 817 369,7 762 981 459 266,10 212 018 426 132,"104,88","208,67","+0,44 %","98,07"
24/01/2024 - 19:10,389 064 187,7 728 881 131 436,10 212 617 651 232,"104,42","207,75","-0,44 %","97,93"
22/01/2024 - 06:33,898 115 175,7 758 377 536 111,10 213 445 241 675,"104,95","208,54","-0,06 %","98,94"
30/11/2022 - 16:33,48646464,653265985632,854594164,4784,54545,554,7956656
23/11/2022 - 20:33,1173815864,11635611066659,10540276564936,"151,41","301,74","-0,26 %","126,83"
